bulletinFamily,description,modified,id,published,href,title,type,cvss,enchantments
NVD,"Integer overflow in the Internet Printing Protocol (IPP) ISAPI extension in Microsoft Internet Information Services (IIS) 5.0 through 7.0 on Windows 2000 SP4, XP SP2 and SP3, Server 2003 SP1 and SP2, and Server 2008 allows remote authenticated users to execute arbitrary code via an HTTP POST request that triggers an outbound IPP connection from a web server to a machine operated by the attacker, aka ""Integer Overflow in IPP Service Vulnerability.""",2019-07-03T17:25:00,CVE-2008-1446,2008-10-15T00:12:00,https://web.nvd.nist.gov/view/vuln/detail?vulnId=CVE-2008-1446,CVE-2008-1446,cve,"{'score': 9.0, 'vector': 'AV:N/AC:L/Au:S/C:C/I:C/A:C'}",{'vulnersScore': 'PENDING'}
NVD,"Buffer overflow in the ScStoragePathFromUrl function in the WebDAV service in Internet Information Services (IIS) 6.0 in Microsoft Windows Server 2003 R2 allows remote attackers to execute arbitrary code via a long header beginning with ""If: <http://"" in a PROPFIND request, as exploited in the wild in July or August 2016.",2019-07-03T17:25:00,CVE-2017-7269,2017-03-27T02:59:00,https://web.nvd.nist.gov/view/vuln/detail?vulnId=CVE-2017-7269,CVE-2017-7269,cve,"{'score': 10.0, 'vector': 'AV:N/AC:L/Au:N/C:C/I:C/A:C'}",{'vulnersScore': 'PENDING'}
NVD,Unspecified vulnerability in Microsoft Internet Information Services (IIS) 5.1 through 6.0 allows remote attackers to execute arbitrary code via crafted inputs to ASP pages.,2018-10-12T21:44:00,CVE-2008-0075,2008-02-12T21:00:00,https://web.nvd.nist.gov/view/vuln/detail?vulnId=CVE-2008-0075,CVE-2008-0075,cve,"{'score': 10.0, 'vector': 'AV:N/AC:L/Au:N/C:C/I:C/A:C'}",{'vulnersScore': 'PENDING'}
NVD,"Buffer overflow in the FTP Service in Microsoft Internet Information Services (IIS) 5.0 through 6.0 allows remote authenticated users to execute arbitrary code via a crafted NLST (NAME LIST) command that uses wildcards, leading to memory corruption, aka ""IIS FTP Service RCE and DoS Vulnerability.""",2019-07-03T17:25:00,CVE-2009-3023,2009-08-31T20:30:00,https://web.nvd.nist.gov/view/vuln/detail?vulnId=CVE-2009-3023,CVE-2009-3023,cve,"{'score': 9.3, 'vector': 'AV:N/AC:M/Au:N/C:C/I:C/A:C'}",{'vulnersScore': 'PENDING'}
NVD,"Buffer overflow in Microsoft Internet Information Services (IIS) 7.5, when FastCGI is enabled, allows remote attackers to execute arbitrary code via crafted headers in a request, aka ""Request Header Buffer Overflow Vulnerability.""
Per: http://www.microsoft.com/technet/security/Bulletin/MS10-065.mspx

'FastCGI is not enabled by default in IIS.'",2019-07-03T17:25:00,CVE-2010-2730,2010-09-15T19:00:00,https://web.nvd.nist.gov/view/vuln/detail?vulnId=CVE-2010-2730,CVE-2010-2730,cve,"{'score': 9.3, 'vector': 'AV:N/AC:M/Au:N/C:C/I:C/A:C'}",{'vulnersScore': 'PENDING'}
NVD,"Heap-based buffer overflow in the TELNET_STREAM_CONTEXT::OnSendData function in ftpsvc.dll in Microsoft FTP Service 7.0 and 7.5 for Internet Information Services (IIS) 7.0, and IIS 7.5, allows remote attackers to execute arbitrary code or cause a denial of service (daemon crash) via a crafted FTP command, aka ""IIS FTP Service Heap Buffer Overrun Vulnerability."" NOTE: some of these details are obtained from third party information.",2019-07-03T17:25:00,CVE-2010-3972,2010-12-23T18:00:00,https://web.nvd.nist.gov/view/vuln/detail?vulnId=CVE-2010-3972,CVE-2010-3972,cve,"{'score': 10.0, 'vector': 'AV:N/AC:L/Au:N/C:C/I:C/A:C'}",{'vulnersScore': 'PENDING'}
NVD,"modules/arch/win32/mod_isapi.c in mod_isapi in the Apache HTTP Server 2.0.37 through 2.0.63, 2.2.0 through 2.2.14, and 2.3.x before 2.3.7, when running on Windows, does not ensure that request processing is complete before calling isapi_unload for an ISAPI .dll module, which allows remote attackers to execute arbitrary code via unspecified vectors related to a crafted request, a reset packet, and ""orphaned callback pointers.""",2018-10-30T16:25:00,CVE-2010-0425,2010-03-05T19:30:00,https://web.nvd.nist.gov/view/vuln/detail?vulnId=CVE-2010-0425,CVE-2010-0425,cve,"{'score': 10.0, 'vector': 'AV:N/AC:L/Au:N/C:C/I:C/A:C'}",{'vulnersScore': 'PENDING'}
NVD,"Unspecified vulnerability in the _php_stream_scandir function in the stream implementation in PHP before 5.3.15 and 5.4.x before 5.4.5 has unknown impact and remote attack vectors, related to an ""overflow.""",2017-12-22T02:29:00,CVE-2012-2688,2012-07-20T10:40:00,https://web.nvd.nist.gov/view/vuln/detail?vulnId=CVE-2012-2688,CVE-2012-2688,cve,"{'score': 10.0, 'vector': 'AV:N/AC:L/Au:N/C:C/I:C/A:C'}",{'vulnersScore': 'PENDING'}
NVD,"Buffer overflow in the com_print_typeinfo function in PHP 5.4.3 and earlier on Windows allows remote attackers to execute arbitrary code via crafted arguments that trigger incorrect handling of COM object VARIANT types, as exploited in the wild in May 2012.",2017-08-29T01:31:00,CVE-2012-2376,2012-05-21T15:55:00,https://web.nvd.nist.gov/view/vuln/detail?vulnId=CVE-2012-2376,CVE-2012-2376,cve,"{'score': 10.0, 'vector': 'AV:N/AC:L/Au:N/C:C/I:C/A:C'}",{'vulnersScore': 'PENDING'}
NVD,"Buffer overflow in the crypt function in PHP before 5.3.7 allows context-dependent attackers to have an unspecified impact via a long salt argument, a different vulnerability than CVE-2011-2483.",2017-08-29T01:30:00,CVE-2011-3268,2011-08-25T18:55:00,https://web.nvd.nist.gov/view/vuln/detail?vulnId=CVE-2011-3268,CVE-2011-3268,cve,"{'score': 10.0, 'vector': 'AV:N/AC:L/Au:N/C:C/I:C/A:C'}",{'vulnersScore': 'PENDING'}
NVD,"The SoapFault::__toString method in ext/soap/soap.c in PHP before 5.4.40, 5.5.x before 5.5.24, and 5.6.x before 5.6.8 allows remote attackers to obtain sensitive information, cause a denial of service (application crash), or possibly execute arbitrary code via an unexpected data type, related to a ""type confusion"" issue.
<a href=""http://cwe.mitre.org/data/definitions/843.html"">Access of Resource Using Incompatible Type ('Type Confusion')</a>",2018-01-05T02:30:00,CVE-2015-4599,2016-05-16T10:59:00,https://web.nvd.nist.gov/view/vuln/detail?vulnId=CVE-2015-4599,CVE-2015-4599,cve,"{'score': 10.0, 'vector': 'AV:N/AC:L/Au:N/C:C/I:C/A:C'}",{'vulnersScore': 'PENDING'}
NVD,"The exception::getTraceAsString function in Zend/zend_exceptions.c in PHP before 5.4.40, 5.5.x before 5.5.24, and 5.6.x before 5.6.8 allows remote attackers to execute arbitrary code via an unexpected data type, related to a ""type confusion"" issue.
<a href=""http://cwe.mitre.org/data/definitions/843.html"">Access of Resource Using Incompatible Type ('Type Confusion')</a>",2019-04-22T17:48:00,CVE-2015-4603,2016-05-16T10:59:00,https://web.nvd.nist.gov/view/vuln/detail?vulnId=CVE-2015-4603,CVE-2015-4603,cve,"{'score': 10.0, 'vector': 'AV:N/AC:L/Au:N/C:C/I:C/A:C'}",{'vulnersScore': 'PENDING'}
NVD,"The escapeshellarg function in ext/standard/exec.c in PHP before 5.4.42, 5.5.x before 5.5.26, and 5.6.x before 5.6.10 on Windows allows remote attackers to execute arbitrary OS commands via a crafted string to an application that accepts command-line arguments for a call to the PHP system function.",2017-09-22T01:29:00,CVE-2015-4642,2016-05-16T10:59:00,https://web.nvd.nist.gov/view/vuln/detail?vulnId=CVE-2015-4642,CVE-2015-4642,cve,"{'score': 10.0, 'vector': 'AV:N/AC:L/Au:N/C:C/I:C/A:C'}",{'vulnersScore': 'PENDING'}
NVD,"The SoapClient implementation in PHP before 5.4.40, 5.5.x before 5.5.24, and 5.6.x before 5.6.8 allows remote attackers to cause a denial of service (application crash) or possibly execute arbitrary code via an unexpected data type, related to ""type confusion"" issues in the (1) SoapClient::__getLastRequest, (2) SoapClient::__getLastResponse, (3) SoapClient::__getLastRequestHeaders, (4) SoapClient::__getLastResponseHeaders, (5) SoapClient::__getCookies, and (6) SoapClient::__setCookie methods.
<a href=""http://cwe.mitre.org/data/definitions/843.html"">Access of Resource Using Incompatible Type ('Type Confusion')</a>",2018-01-05T02:30:00,CVE-2015-4600,2016-05-16T10:59:00,https://web.nvd.nist.gov/view/vuln/detail?vulnId=CVE-2015-4600,CVE-2015-4600,cve,"{'score': 10.0, 'vector': 'AV:N/AC:L/Au:N/C:C/I:C/A:C'}",{'vulnersScore': 'PENDING'}
NVD,"The __PHP_Incomplete_Class function in ext/standard/incomplete_class.c in PHP before 5.4.40, 5.5.x before 5.5.24, and 5.6.x before 5.6.8 allows remote attackers to cause a denial of service (application crash) or possibly execute arbitrary code via an unexpected data type, related to a ""type confusion"" issue.
<a href=""http://cwe.mitre.org/data/definitions/843.html"">Access of Resource Using Incompatible Type ('Type Confusion')</a>",2019-04-22T17:48:00,CVE-2015-4602,2016-05-16T10:59:00,https://web.nvd.nist.gov/view/vuln/detail?vulnId=CVE-2015-4602,CVE-2015-4602,cve,"{'score': 10.0, 'vector': 'AV:N/AC:L/Au:N/C:C/I:C/A:C'}",{'vulnersScore': 'PENDING'}
NVD,"The phar_convert_to_other function in ext/phar/phar_object.c in PHP before 5.4.43, 5.5.x before 5.5.27, and 5.6.x before 5.6.11 does not validate a file pointer before a close operation, which allows remote attackers to cause a denial of service (segmentation fault) or possibly have unspecified other impact via a crafted TAR archive that is mishandled in a Phar::convertToData call.",2017-11-04T01:29:00,CVE-2015-5589,2016-05-16T10:59:00,https://web.nvd.nist.gov/view/vuln/detail?vulnId=CVE-2015-5589,CVE-2015-5589,cve,"{'score': 10.0, 'vector': 'AV:N/AC:L/Au:N/C:C/I:C/A:C'}",{'vulnersScore': 'PENDING'}
NVD,"** DISPUTED ** In PostgreSQL 9.3 through 11.2, the ""COPY TO/FROM PROGRAM"" function allows superusers and users in the 'pg_execute_server_program' group to execute arbitrary code in the context of the database's operating system user. This functionality is enabled by default and can be abused to run arbitrary operating system commands on Windows, Linux, and macOS. NOTE: Third parties claim/state this is not an issue because PostgreSQL functionality for ?COPY TO/FROM PROGRAM? is acting as intended. References state that in PostgreSQL, a superuser can execute commands as the server user without using the ?COPY FROM PROGRAM?.",2019-10-10T07:09:00,CVE-2019-9193,2019-04-01T21:30:00,https://web.nvd.nist.gov/view/vuln/detail?vulnId=CVE-2019-9193,CVE-2019-9193,cve,"{'score': 9.0, 'vector': 'AV:N/AC:L/Au:S/C:C/I:C/A:C'}",{'vulnersScore': 'PENDING'}
NVD,"The resource system in PHP 5.0.0 through 5.2.1 allows context-dependent attackers to execute arbitrary code by interrupting the hash_update_file function via a userspace (1) error or (2) stream handler, which can then be used to destroy and modify internal resources.  NOTE: it was later reported that PHP 5.2 through 5.2.13 and 5.3 through 5.3.2 are also affected.",2018-10-30T16:25:00,CVE-2007-1581,2007-03-21T23:19:00,https://web.nvd.nist.gov/view/vuln/detail?vulnId=CVE-2007-1581,CVE-2007-1581,cve,"{'score': 9.3, 'vector': 'AV:N/AC:M/Au:N/C:C/I:C/A:C'}",{'vulnersScore': 'PENDING'}
NVD,"Heap-based buffer overflow in ext/mbstring/libmbfl/filters/mbfilter_htmlent.c in the mbstring extension in PHP 4.3.0 through 5.2.6 allows context-dependent attackers to execute arbitrary code via a crafted string containing an HTML entity, which is not properly handled during Unicode conversion, related to the (1) mb_convert_encoding, (2) mb_check_encoding, (3) mb_convert_variables, and (4) mb_parse_str functions.",2018-10-11T20:56:00,CVE-2008-5557,2008-12-23T18:30:00,https://web.nvd.nist.gov/view/vuln/detail?vulnId=CVE-2008-5557,CVE-2008-5557,cve,"{'score': 10.0, 'vector': 'AV:N/AC:L/Au:N/C:C/I:C/A:C'}",{'vulnersScore': 'PENDING'}
NVD,"PHP before 5.2.12 does not properly handle session data, which has unspecified impact and attack vectors related to (1) interrupt corruption of the SESSION superglobal array and (2) the session.save_path directive.",2018-10-30T16:26:00,CVE-2009-4143,2009-12-21T16:30:00,https://web.nvd.nist.gov/view/vuln/detail?vulnId=CVE-2009-4143,CVE-2009-4143,cve,"{'score': 10.0, 'vector': 'AV:N/AC:L/Au:N/C:C/I:C/A:C'}",{'vulnersScore': 'PENDING'}
NVD,"The init_request_info function in sapi/cgi/cgi_main.c in PHP before 5.2.6 does not properly consider operator precedence when calculating the length of PATH_TRANSLATED, which might allow remote attackers to execute arbitrary code via a crafted URI.",2018-10-15T22:01:00,CVE-2008-0599,2008-05-05T17:20:00,https://web.nvd.nist.gov/view/vuln/detail?vulnId=CVE-2008-0599,CVE-2008-0599,cve,"{'score': 10.0, 'vector': 'AV:N/AC:L/Au:N/C:C/I:C/A:C'}",{'vulnersScore': 'PENDING'}
NVD,Stack-based buffer overflow in the FastCGI SAPI (fastcgi.c) in PHP before 5.2.6 has unknown impact and attack vectors.,2018-10-11T20:38:00,CVE-2008-2050,2008-05-05T17:20:00,https://web.nvd.nist.gov/view/vuln/detail?vulnId=CVE-2008-2050,CVE-2008-2050,cve,"{'score': 10.0, 'vector': 'AV:N/AC:L/Au:N/C:C/I:C/A:C'}",{'vulnersScore': 'PENDING'}
NVD,"The escapeshellcmd API function in PHP before 5.2.6 has unknown impact and context-dependent attack vectors related to ""incomplete multibyte chars.""",2018-10-11T20:38:00,CVE-2008-2051,2008-05-05T17:20:00,https://web.nvd.nist.gov/view/vuln/detail?vulnId=CVE-2008-2051,CVE-2008-2051,cve,"{'score': 10.0, 'vector': 'AV:N/AC:L/Au:N/C:C/I:C/A:C'}",{'vulnersScore': 'PENDING'}
NVD,"Exim 4.85 through 4.92 (fixed in 4.92.1) allows remote code execution as root in some unusual configurations that use the ${sort } expansion for items that can be controlled by an attacker (e.g., $local_part or $domain).",2019-09-07T02:15:00,CVE-2019-13917,2019-07-25T20:15:00,https://web.nvd.nist.gov/view/vuln/detail?vulnId=CVE-2019-13917,CVE-2019-13917,cve,"{'score': 10.0, 'vector': 'AV:N/AC:L/Au:N/C:C/I:C/A:C'}",{'vulnersScore': 'PENDING'}
NVD,Exim before 4.92.2 allows remote attackers to execute arbitrary code as root via a trailing backslash.,2019-09-06T15:15:00,CVE-2019-15846,2019-09-06T11:15:00,https://web.nvd.nist.gov/view/vuln/detail?vulnId=CVE-2019-15846,CVE-2019-15846,cve,"{'score': 10.0, 'vector': 'AV:N/AC:L/Au:N/C:C/I:C/A:C'}",{'vulnersScore': 'PENDING'}
NVD,"When running on Windows with enableCmdLineArguments enabled, the CGI Servlet in Apache Tomcat 9.0.0.M1 to 9.0.17, 8.5.0 to 8.5.39 and 7.0.0 to 7.0.93 is vulnerable to Remote Code Execution due to a bug in the way the JRE passes command line arguments to Windows. The CGI Servlet is disabled by default. The CGI option enableCmdLineArguments is disable by default in Tomcat 9.0.x (and will be disabled by default in all versions in response to this vulnerability). For a detailed explanation of the JRE behaviour, see Markus Wulftange's blog (https://codewhitesec.blogspot.com/2016/02/java-and-command-line-injections-in-windows.html) and this archived MSDN blog (https://web.archive.org/web/20161228144344/https://blogs.msdn.microsoft.com/twistylittlepassagesallalike/2011/04/23/everyone-quotes-command-line-arguments-the-wrong-way/).",2019-06-01T09:29:00,CVE-2019-0232,2019-04-15T15:29:00,https://web.nvd.nist.gov/view/vuln/detail?vulnId=CVE-2019-0232,CVE-2019-0232,cve,"{'score': 9.3, 'vector': 'AV:N/AC:M/Au:N/C:C/I:C/A:C'}",{'vulnersScore': 'PENDING'}
NVD,"The cURL extension files (1) ext/curl/interface.c and (2) ext/curl/streams.c in PHP before 5.1.5 permit the CURLOPT_FOLLOWLOCATION option when open_basedir or safe_mode is enabled, which allows attackers to perform unauthorized actions, possibly related to the realpath cache.",2018-10-30T16:25:00,CVE-2006-4483,2006-08-31T21:04:00,https://web.nvd.nist.gov/view/vuln/detail?vulnId=CVE-2006-4483,CVE-2006-4483,cve,"{'score': 9.3, 'vector': 'AV:N/AC:M/Au:N/C:C/I:C/A:C'}",{'vulnersScore': 'PENDING'}
NVD,"The c-client library 2000, 2001, or 2004 for PHP before 4.4.4 and 5.x before 5.1.5 do not check the (1) safe_mode or (2) open_basedir functions, and when used in applications that accept user-controlled input for the mailbox argument to the imap_open function, allow remote attackers to obtain access to an IMAP stream data structure and conduct unauthorized IMAP actions.",2018-10-30T16:25:00,CVE-2006-1017,2006-03-07T00:02:00,https://web.nvd.nist.gov/view/vuln/detail?vulnId=CVE-2006-1017,CVE-2006-1017,cve,"{'score': 9.3, 'vector': 'AV:N/AC:M/Au:N/C:C/I:C/A:C'}",{'vulnersScore': 'PENDING'}
NVD,"Integer overflow in PHP 5 up to 5.1.6 and 4 before 4.3.0 allows remote attackers to execute arbitrary code via an argument to the unserialize PHP function with a large value for the number of array elements, which triggers the overflow in the Zend Engine ecalloc function (Zend/zend_alloc.c).",2018-10-30T16:25:00,CVE-2006-4812,2006-10-10T04:06:00,https://web.nvd.nist.gov/view/vuln/detail?vulnId=CVE-2006-4812,CVE-2006-4812,cve,"{'score': 10.0, 'vector': 'AV:N/AC:L/Au:N/C:C/I:C/A:C'}",{'vulnersScore': 'PENDING'}
NVD,The stripos function in PHP before 5.1.5 has unknown impact and attack vectors related to an out-of-bounds read.,2018-10-30T16:25:00,CVE-2006-4485,2006-08-31T21:04:00,https://web.nvd.nist.gov/view/vuln/detail?vulnId=CVE-2006-4485,CVE-2006-4485,cve,"{'score': 10.0, 'vector': 'AV:N/AC:L/Au:N/C:C/I:C/A:C'}",{'vulnersScore': 'PENDING'}
NVD,"Unspecified vulnerability in PHP before 5.2.1 allows attackers to ""clobber"" certain super-global variables via unspecified vectors.",2018-10-30T16:25:00,CVE-2007-0910,2007-02-13T23:28:00,https://web.nvd.nist.gov/view/vuln/detail?vulnId=CVE-2007-0910,CVE-2007-0910,cve,"{'score': 10.0, 'vector': 'AV:N/AC:L/Au:N/C:C/I:C/A:C'}",{'vulnersScore': 'PENDING'}
NVD,"Multiple heap-based buffer overflows in the (1) str_repeat and (2) wordwrap functions in ext/standard/string.c in PHP before 5.1.5, when used on a 64-bit system, have unspecified impact and attack vectors, a different vulnerability than CVE-2006-1990.",2018-10-30T16:25:00,CVE-2006-4482,2006-08-31T21:04:00,https://web.nvd.nist.gov/view/vuln/detail?vulnId=CVE-2006-4482,CVE-2006-4482,cve,"{'score': 9.3, 'vector': 'AV:N/AC:M/Au:N/C:C/I:C/A:C'}",{'vulnersScore': 'PENDING'}
NVD,"PHP 4.x and 5.x before 5.2.1, when running on multi-threaded systems, does not ensure thread safety for libc crypt function calls using protection schemes such as a mutex, which creates race conditions that allow remote attackers to overwrite internal program memory and gain system access.",2018-10-30T16:25:00,CVE-2007-2844,2007-05-24T18:30:00,https://web.nvd.nist.gov/view/vuln/detail?vulnId=CVE-2007-2844,CVE-2007-2844,cve,"{'score': 9.3, 'vector': 'AV:N/AC:M/Au:N/C:C/I:C/A:C'}",{'vulnersScore': 'PENDING'}
NVD,"HTTP.sys in Microsoft Windows 7 SP1, Windows Server 2008 R2 SP1, Windows 8, Windows 8.1, and Windows Server 2012 Gold and R2 allows remote attackers to execute arbitrary code via crafted HTTP requests, aka ""HTTP.sys Remote Code Execution Vulnerability.""",2019-05-14T19:53:00,CVE-2015-1635,2015-04-14T20:59:00,https://web.nvd.nist.gov/view/vuln/detail?vulnId=CVE-2015-1635,CVE-2015-1635,cve,"{'score': 10.0, 'vector': 'AV:N/AC:L/Au:N/C:C/I:C/A:C'}",{'vulnersScore': 'PENDING'}
NVD,"The Basic authentication code in WEBrick library in Ruby before 2.2.8, 2.3.x before 2.3.5, and 2.4.x through 2.4.1 allows remote attackers to inject terminal emulator escape sequences into its log and possibly execute arbitrary commands via a crafted user name.",2018-10-31T10:29:00,CVE-2017-10784,2017-09-19T17:29:00,https://web.nvd.nist.gov/view/vuln/detail?vulnId=CVE-2017-10784,CVE-2017-10784,cve,"{'score': 9.3, 'vector': 'AV:N/AC:M/Au:N/C:C/I:C/A:C'}",{'vulnersScore': 'PENDING'}
NVD,"Ruby before 2.4.3 allows Net::FTP command injection. Net::FTP#get, getbinaryfile, gettextfile, put, putbinaryfile, and puttextfile use Kernel#open to open a local file. If the localfile argument starts with the ""|"" pipe character, the command following the pipe character is executed. The default value of localfile is File.basename(remotefile), so malicious FTP servers could cause arbitrary command execution.",2019-09-19T10:15:00,CVE-2017-17405,2017-12-15T09:29:00,https://web.nvd.nist.gov/view/vuln/detail?vulnId=CVE-2017-17405,CVE-2017-17405,cve,"{'score': 9.3, 'vector': 'AV:N/AC:M/Au:N/C:C/I:C/A:C'}",{'vulnersScore': 'PENDING'}
